,Residue,Depth,std
0,362,33.02193,5.8469296
1,363,32.993366,4.8476324
2,364,33.339687,4.324353
3,365,34.022724,3.615901
4,366,33.164295,2.8511214
5,367,32.108997,2.278014
6,368,34.771484,2.466836
7,369,35.91365,2.121043
8,370,32.709217,2.1228054
9,371,32.518005,2.1498392
10,372,35.49056,2.0647552
11,373,34.068714,2.1408114
12,374,30.964497,1.9737781
13,375,32.82007,1.9115785
14,376,34.71108,2.1193616
15,377,31.626223,2.303966
16,378,29.81365,2.1506388
17,379,32.733013,2.2798748
18,380,32.854637,2.6291296
19,381,29.285482,2.6742232
20,382,29.659216,2.727762
21,383,32.154278,3.052692
22,384,30.628601,3.2236214
23,385,29.401285,3.154782
24,386,27.001074,3.6705222
25,387,25.892645,3.844043
26,388,24.888397,3.654744
27,389,23.103931,3.2454634
28,390,21.230337,3.079528
29,391,17.871668,2.982391
30,392,17.981682,2.7150354
31,393,14.978742,2.74879
32,394,14.779762,2.6883283
33,395,12.371434,2.5065265
34,396,12.352189,2.5742626
35,397,13.502651,2.8149092
36,398,13.396314,3.0434334
37,399,15.900799,3.2964625
38,400,18.985289,3.1303198
39,401,18.600538,2.7893806
40,402,18.511341,2.7048979
41,403,17.13212,2.4971488
42,404,17.297155,2.4876206
43,405,15.758415,2.3900583
44,406,16.149563,2.4906306
45,407,13.498644,2.5959046
46,408,13.96832,2.7849517
47,409,12.467488,2.810918
48,410,12.081098,2.8996568
49,411,10.508001,2.9740808
50,412,8.265583,2.6703877
51,413,9.709852,2.2293637
52,414,10.156238,2.2546182
53,415,13.595456,2.4309585
54,416,14.260959,2.2358673
55,417,17.83138,2.2262933
56,418,17.938906,2.253402
57,419,20.651571,2.3457327
58,420,20.616505,2.5231671
59,421,23.169289,2.6872325
60,422,23.388536,2.8740587
61,423,25.9634,3.0819504
62,424,26.173285,3.172241
63,425,28.23711,3.4579158
64,426,30.314985,3.5554368
65,427,30.258152,3.2496977
66,428,33.0853,2.9932473
67,429,32.670723,2.6404629
68,430,33.94413,2.5736868
69,431,31.37875,2.822424
70,432,28.49357,2.6404395
71,433,29.616083,2.3271804
72,434,30.125944,2.4611166
73,435,26.630161,2.5986295
74,436,25.18386,2.2860792
75,437,27.088255,2.1502087
76,438,26.55609,2.4181821
77,439,23.821337,2.4714055
78,440,23.377768,2.840529
79,441,22.045258,2.7808044
80,442,19.913013,2.4904003
81,443,16.654211,2.614525
82,444,16.800528,2.8986065
83,445,16.875725,2.6803823
84,446,15.269354,2.4151447
85,447,11.592982,2.4061298
86,448,10.925434,2.1124563
87,449,12.001621,2.0351486
88,450,10.044878,2.1545708
89,451,12.535112,2.2279139
90,452,16.218119,2.2080069
91,453,18.719309,2.3033166
92,454,22.425663,2.2822547
93,455,23.253357,2.2317276
94,456,26.994871,2.2380648
95,457,29.89021,2.232276
96,458,32.88653,2.0685754
97,459,36.396755,2.062044
98,460,37.43279,1.9221097
99,461,34.269176,2.0591366
100,462,31.68728,1.8603871
101,463,28.399164,1.9650507
102,464,25.545296,1.8901246
103,465,22.142494,1.9153014
104,466,18.675539,1.9080951
105,467,15.717614,1.8830807
106,468,12.029777,1.8340837
107,469,10.374218,1.770332
108,470,7.045602,1.8516202
109,471,4.0882726,1.784569
110,472,3.1779354,1.7223355
111,473,-0.38162977,1.6865025
112,474,-1.6354333,1.6406295
113,475,1.6103754,1.6143272
114,476,3.298734,1.6247689
115,477,6.099652,1.6568763
116,478,9.642786,1.6245608
117,479,12.657237,1.6814014
118,480,16.263893,1.6554078
119,481,19.473915,1.715939
120,482,22.510979,1.6596334
121,483,26.138363,1.6776228
122,484,27.092018,1.7346084
123,485,30.68452,1.745373
124,486,32.53479,1.8827095
125,487,35.610134,1.8652265
126,488,37.67334,2.0198493
127,489,39.211105,2.0722687
128,490,42.232147,2.249313
129,491,41.837658,2.7131891
130,492,42.890892,3.2005348
131,493,44.060867,3.4245224
132,494,46.678997,3.166517
133,495,46.04353,3.013661
134,496,42.509327,2.9662075
135,497,40.662395,2.7118213
136,498,39.79815,2.3985558
137,499,36.499687,2.3166308
138,500,34.459435,2.1838367
139,501,31.999952,1.9993411
140,502,29.482779,1.8859777
141,503,28.12296,1.762385
142,504,25.105968,1.6892364
143,505,24.498209,1.6391954
144,506,22.208702,1.6582751
145,507,23.68879,1.775087
146,508,22.582695,2.0859792
147,509,22.270794,2.22515
148,510,21.9818,2.4300535
149,511,19.430525,2.6063604
150,512,16.955791,2.6738968
151,513,14.339106,2.4871464
152,514,11.990707,2.4095683
153,515,9.231541,2.1325884
154,516,8.1975155,2.4341817
155,517,5.7082996,2.0545175
156,518,7.845285,1.745454
157,519,9.10356,1.7243065
158,520,12.854152,1.7310148
159,521,14.060464,1.6678405
160,522,17.439882,1.7121152
161,523,19.244806,1.7188951
162,524,22.347439,1.7829529
163,525,22.770535,1.8141418
164,526,25.761,1.9011459
165,527,26.57189,2.0614011
166,528,29.58691,2.203268
167,529,30.911861,2.4092155
168,530,33.58922,2.6028955
169,531,34.84331,2.8601398
170,532,35.809155,3.1127262
171,533,37.956985,3.3519073
172,534,38.49762,3.7194657
173,535,41.6235,3.8595552
174,536,41.655193,4.2094145
175,537,43.03805,4.712603
176,538,45.77172,4.8696566
177,539,46.45956,4.9247236
178,540,43.523273,4.7320585
179,541,42.855293,4.3265815
180,542,40.427082,4.0196347
181,543,36.86735,4.10843
182,544,33.564133,3.9110339
183,545,32.80626,4.081088
184,546,35.531994,3.866167
185,547,34.127037,3.5015311
186,548,31.711157,3.2949955
187,549,30.771393,2.9538782
188,550,29.273666,2.8234663
189,551,27.063282,2.571997
190,552,26.007036,2.4480896
191,553,23.513374,2.23593
192,554,22.932926,2.1529992
193,555,20.253998,2.032274
194,556,19.02665,1.9808999
195,557,16.2336,1.8261079
196,558,14.486004,1.8472978
197,559,11.443102,1.7242681
198,560,10.719109,1.8687187
199,561,7.3573604,1.949821
200,562,4.424694,1.958725
201,563,4.697783,1.8996174
202,564,2.5825486,1.9028792
203,565,4.9573083,1.9924382
204,566,3.1069098,2.062897
205,567,2.6245017,1.9420907
206,568,6.2243924,1.9161898
207,569,7.3203053,2.0125372
208,570,5.117517,2.071888
209,571,6.520652,2.04787
210,572,10.028682,2.01338
211,573,9.494906,2.148974
212,574,8.351017,2.2154303
213,575,10.388739,2.16348
214,576,13.86591,2.1321394
215,577,14.261615,2.3651643
216,578,12.7115555,2.4849336
217,579,15.149233,2.36834
218,580,18.11108,2.4227633
219,581,16.883135,2.7284334
220,582,16.241793,2.80421
221,583,19.558779,2.684993
222,584,21.4558,2.8332083
223,585,19.700611,3.1574118
224,586,20.580185,3.1405723
225,587,24.214907,3.055153
226,588,24.314468,3.3541274
227,589,22.893787,3.5885115
228,590,25.29297,3.5027363
229,591,28.304102,3.4744747
230,592,27.535032,3.8381467
231,593,30.260199,4.095206
232,594,32.45241,3.835957
233,595,36.094078,3.785398
234,596,37.212105,3.5403469
235,597,39.199646,3.3534122
236,598,40.78065,3.1652148
